id,name,type,group,product,format,license,data_policy,link_only,access,direct_url,view_url,size_bytes,rows,description
syn-readme,README.md,synthetic,all,"all (NORVANTIB, DERMALYX, ADIPOSYN)",Markdown,Apache-2.0 (fictional data),synthetic,false,download,https://raw.githubusercontent.com/Open-Medical-Affairs/Data-Sources/main/synthetic/README.md,https://github.com/Open-Medical-Affairs/Data-Sources/blob/main/synthetic/README.md,2404,,What the synthetic data is and how to use it
syn-skill-coverage,SKILL-COVERAGE.md,synthetic,all,"all (NORVANTIB, DERMALYX, ADIPOSYN)",Markdown,Apache-2.0 (fictional data),synthetic,false,download,https://raw.githubusercontent.com/Open-Medical-Affairs/Data-Sources/main/synthetic/SKILL-COVERAGE.md,https://github.com/Open-Medical-Affairs/Data-Sources/blob/main/synthetic/SKILL-COVERAGE.md,13387,,Which skill each synthetic artefact exercises
syn-cardiometabolic-obesity-readme,README.md,synthetic,cardiometabolic-obesity,ADIPOSYN,Markdown,Apache-2.0 (fictional data),synthetic,false,download,https://raw.githubusercontent.com/Open-Medical-Affairs/Data-Sources/main/synthetic/cardiometabolic-obesity/README.md,https://github.com/Open-Medical-Affairs/Data-Sources/blob/main/synthetic/cardiometabolic-obesity/README.md,2282,,Data pack
syn-cardiometabolic-obesity-abstract-poster-brief,abstract-poster-brief.md,synthetic,cardiometabolic-obesity,ADIPOSYN,Markdown,Apache-2.0 (fictional data),synthetic,false,download,https://raw.githubusercontent.com/Open-Medical-Affairs/Data-Sources/main/synthetic/cardiometabolic-obesity/abstract-poster-brief.md,https://github.com/Open-Medical-Affairs/Data-Sources/blob/main/synthetic/cardiometabolic-obesity/abstract-poster-brief.md,1081,,Congress abstract and poster brief
syn-cardiometabolic-obesity-advisory-board-transcript,advisory-board-transcript.md,synthetic,cardiometabolic-obesity,ADIPOSYN,Markdown,Apache-2.0 (fictional data),synthetic,false,download,https://raw.githubusercontent.com/Open-Medical-Affairs/Data-Sources/main/synthetic/cardiometabolic-obesity/advisory-board-transcript.md,https://github.com/Open-Medical-Affairs/Data-Sources/blob/main/synthetic/cardiometabolic-obesity/advisory-board-transcript.md,1561,,Advisory board transcript
syn-cardiometabolic-obesity-competitor-announcements,competitor-announcements.md,synthetic,cardiometabolic-obesity,ADIPOSYN,Markdown,Apache-2.0 (fictional data),synthetic,false,download,https://raw.githubusercontent.com/Open-Medical-Affairs/Data-Sources/main/synthetic/cardiometabolic-obesity/competitor-announcements.md,https://github.com/Open-Medical-Affairs/Data-Sources/blob/main/synthetic/cardiometabolic-obesity/competitor-announcements.md,909,,Press releases and corporate statements
syn-cardiometabolic-obesity-congress-abstracts,congress-abstracts.md,synthetic,cardiometabolic-obesity,ADIPOSYN,Markdown,Apache-2.0 (fictional data),synthetic,false,download,https://raw.githubusercontent.com/Open-Medical-Affairs/Data-Sources/main/synthetic/cardiometabolic-obesity/congress-abstracts.md,https://github.com/Open-Medical-Affairs/Data-Sources/blob/main/synthetic/cardiometabolic-obesity/congress-abstracts.md,2733,,What was presented at the recent congress
syn-cardiometabolic-obesity-document-ingestion-challenge,document-ingestion-challenge.md,synthetic,cardiometabolic-obesity,ADIPOSYN,Markdown,Apache-2.0 (fictional data),synthetic,false,download,https://raw.githubusercontent.com/Open-Medical-Affairs/Data-Sources/main/synthetic/cardiometabolic-obesity/document-ingestion-challenge.md,https://github.com/Open-Medical-Affairs/Data-Sources/blob/main/synthetic/cardiometabolic-obesity/document-ingestion-challenge.md,1063,,Scanned-source transcription challenge
syn-cardiometabolic-obesity-evidence-landscape,evidence-landscape.md,synthetic,cardiometabolic-obesity,ADIPOSYN,Markdown,Apache-2.0 (fictional data),synthetic,false,download,https://raw.githubusercontent.com/Open-Medical-Affairs/Data-Sources/main/synthetic/cardiometabolic-obesity/evidence-landscape.md,https://github.com/Open-Medical-Affairs/Data-Sources/blob/main/synthetic/cardiometabolic-obesity/evidence-landscape.md,1731,,"What is known, what competitors have, what nobody has answered"
syn-cardiometabolic-obesity-field-account-plan,field-account-plan.csv,synthetic,cardiometabolic-obesity,ADIPOSYN,CSV,Apache-2.0 (fictional data),synthetic,false,download,https://raw.githubusercontent.com/Open-Medical-Affairs/Data-Sources/main/synthetic/cardiometabolic-obesity/field-account-plan.csv,https://github.com/Open-Medical-Affairs/Data-Sources/blob/main/synthetic/cardiometabolic-obesity/field-account-plan.csv,1011,15,Field account plan
syn-cardiometabolic-obesity-field-observations,field-observations.csv,synthetic,cardiometabolic-obesity,ADIPOSYN,CSV,Apache-2.0 (fictional data),synthetic,false,download,https://raw.githubusercontent.com/Open-Medical-Affairs/Data-Sources/main/synthetic/cardiometabolic-obesity/field-observations.csv,https://github.com/Open-Medical-Affairs/Data-Sources/blob/main/synthetic/cardiometabolic-obesity/field-observations.csv,8114,54,54 field interaction records from one quarter
syn-cardiometabolic-obesity-guideline-landscape,guideline-landscape.md,synthetic,cardiometabolic-obesity,ADIPOSYN,Markdown,Apache-2.0 (fictional data),synthetic,false,download,https://raw.githubusercontent.com/Open-Medical-Affairs/Data-Sources/main/synthetic/cardiometabolic-obesity/guideline-landscape.md,https://github.com/Open-Medical-Affairs/Data-Sources/blob/main/synthetic/cardiometabolic-obesity/guideline-landscape.md,1120,,Guideline landscape
syn-cardiometabolic-obesity-iis-proposal,iis-proposal.md,synthetic,cardiometabolic-obesity,ADIPOSYN,Markdown,Apache-2.0 (fictional data),synthetic,false,download,https://raw.githubusercontent.com/Open-Medical-Affairs/Data-Sources/main/synthetic/cardiometabolic-obesity/iis-proposal.md,https://github.com/Open-Medical-Affairs/Data-Sources/blob/main/synthetic/cardiometabolic-obesity/iis-proposal.md,1332,,Investigator-initiated study proposal
syn-cardiometabolic-obesity-integrated-evidence-plan,integrated-evidence-plan.csv,synthetic,cardiometabolic-obesity,ADIPOSYN,CSV,Apache-2.0 (fictional data),synthetic,false,download,https://raw.githubusercontent.com/Open-Medical-Affairs/Data-Sources/main/synthetic/cardiometabolic-obesity/integrated-evidence-plan.csv,https://github.com/Open-Medical-Affairs/Data-Sources/blob/main/synthetic/cardiometabolic-obesity/integrated-evidence-plan.csv,1094,5,Integrated evidence plan
syn-cardiometabolic-obesity-interaction-notes,interaction-notes.md,synthetic,cardiometabolic-obesity,ADIPOSYN,Markdown,Apache-2.0 (fictional data),synthetic,false,download,https://raw.githubusercontent.com/Open-Medical-Affairs/Data-Sources/main/synthetic/cardiometabolic-obesity/interaction-notes.md,https://github.com/Open-Medical-Affairs/Data-Sources/blob/main/synthetic/cardiometabolic-obesity/interaction-notes.md,1448,,What happened at the last meeting with each
syn-cardiometabolic-obesity-kol-dossiers,kol-dossiers.md,synthetic,cardiometabolic-obesity,ADIPOSYN,Markdown,Apache-2.0 (fictional data),synthetic,false,download,https://raw.githubusercontent.com/Open-Medical-Affairs/Data-Sources/main/synthetic/cardiometabolic-obesity/kol-dossiers.md,https://github.com/Open-Medical-Affairs/Data-Sources/blob/main/synthetic/cardiometabolic-obesity/kol-dossiers.md,2178,,"Three experts, including one who is deliberately difficult"
syn-cardiometabolic-obesity-launch-readiness-register,launch-readiness-register.md,synthetic,cardiometabolic-obesity,ADIPOSYN,Markdown,Apache-2.0 (fictional data),synthetic,false,download,https://raw.githubusercontent.com/Open-Medical-Affairs/Data-Sources/main/synthetic/cardiometabolic-obesity/launch-readiness-register.md,https://github.com/Open-Medical-Affairs/Data-Sources/blob/main/synthetic/cardiometabolic-obesity/launch-readiness-register.md,1279,,Launch readiness register
syn-cardiometabolic-obesity-manuscript-draft,manuscript-draft.md,synthetic,cardiometabolic-obesity,ADIPOSYN,Markdown,Apache-2.0 (fictional data),synthetic,false,download,https://raw.githubusercontent.com/Open-Medical-Affairs/Data-Sources/main/synthetic/cardiometabolic-obesity/manuscript-draft.md,https://github.com/Open-Medical-Affairs/Data-Sources/blob/main/synthetic/cardiometabolic-obesity/manuscript-draft.md,1405,,Manuscript source draft
syn-cardiometabolic-obesity-medical-education-needs,medical-education-needs.md,synthetic,cardiometabolic-obesity,ADIPOSYN,Markdown,Apache-2.0 (fictional data),synthetic,false,download,https://raw.githubusercontent.com/Open-Medical-Affairs/Data-Sources/main/synthetic/cardiometabolic-obesity/medical-education-needs.md,https://github.com/Open-Medical-Affairs/Data-Sources/blob/main/synthetic/cardiometabolic-obesity/medical-education-needs.md,1307,,Independent medical education needs assessment
syn-cardiometabolic-obesity-medical-impact-metrics,medical-impact-metrics.csv,synthetic,cardiometabolic-obesity,ADIPOSYN,CSV,Apache-2.0 (fictional data),synthetic,false,download,https://raw.githubusercontent.com/Open-Medical-Affairs/Data-Sources/main/synthetic/cardiometabolic-obesity/medical-impact-metrics.csv,https://github.com/Open-Medical-Affairs/Data-Sources/blob/main/synthetic/cardiometabolic-obesity/medical-impact-metrics.csv,439,6,Medical impact metrics
syn-cardiometabolic-obesity-medical-information-enquiries,medical-information-enquiries.csv,synthetic,cardiometabolic-obesity,ADIPOSYN,CSV,Apache-2.0 (fictional data),synthetic,false,download,https://raw.githubusercontent.com/Open-Medical-Affairs/Data-Sources/main/synthetic/cardiometabolic-obesity/medical-information-enquiries.csv,https://github.com/Open-Medical-Affairs/Data-Sources/blob/main/synthetic/cardiometabolic-obesity/medical-information-enquiries.csv,1145,6,Medical information enquiries
syn-cardiometabolic-obesity-medical-plan,medical-plan.md,synthetic,cardiometabolic-obesity,ADIPOSYN,Markdown,Apache-2.0 (fictional data),synthetic,false,download,https://raw.githubusercontent.com/Open-Medical-Affairs/Data-Sources/main/synthetic/cardiometabolic-obesity/medical-plan.md,https://github.com/Open-Medical-Affairs/Data-Sources/blob/main/synthetic/cardiometabolic-obesity/medical-plan.md,1867,,"This year's plan, with the problems real plans have"
syn-cardiometabolic-obesity-mlr-review-comments,mlr-review-comments.md,synthetic,cardiometabolic-obesity,ADIPOSYN,Markdown,Apache-2.0 (fictional data),synthetic,false,download,https://raw.githubusercontent.com/Open-Medical-Affairs/Data-Sources/main/synthetic/cardiometabolic-obesity/mlr-review-comments.md,https://github.com/Open-Medical-Affairs/Data-Sources/blob/main/synthetic/cardiometabolic-obesity/mlr-review-comments.md,1179,,MLR review history
syn-cardiometabolic-obesity-patient-level-analysis,patient-level-analysis.csv,synthetic,cardiometabolic-obesity,ADIPOSYN,CSV,Apache-2.0 (fictional data),synthetic,false,download,https://raw.githubusercontent.com/Open-Medical-Affairs/Data-Sources/main/synthetic/cardiometabolic-obesity/patient-level-analysis.csv,https://github.com/Open-Medical-Affairs/Data-Sources/blob/main/synthetic/cardiometabolic-obesity/patient-level-analysis.csv,3081,60,Patient level analysis
syn-cardiometabolic-obesity-payer-hta-brief,payer-hta-brief.md,synthetic,cardiometabolic-obesity,ADIPOSYN,Markdown,Apache-2.0 (fictional data),synthetic,false,download,https://raw.githubusercontent.com/Open-Medical-Affairs/Data-Sources/main/synthetic/cardiometabolic-obesity/payer-hta-brief.md,https://github.com/Open-Medical-Affairs/Data-Sources/blob/main/synthetic/cardiometabolic-obesity/payer-hta-brief.md,1408,,Payer and HTA evidence brief
syn-cardiometabolic-obesity-plain-language-source,plain-language-source.md,synthetic,cardiometabolic-obesity,ADIPOSYN,Markdown,Apache-2.0 (fictional data),synthetic,false,download,https://raw.githubusercontent.com/Open-Medical-Affairs/Data-Sources/main/synthetic/cardiometabolic-obesity/plain-language-source.md,https://github.com/Open-Medical-Affairs/Data-Sources/blob/main/synthetic/cardiometabolic-obesity/plain-language-source.md,1317,,Plain-language summary source
syn-cardiometabolic-obesity-product-profile,product-profile.md,synthetic,cardiometabolic-obesity,ADIPOSYN,Markdown,Apache-2.0 (fictional data),synthetic,false,download,https://raw.githubusercontent.com/Open-Medical-Affairs/Data-Sources/main/synthetic/cardiometabolic-obesity/product-profile.md,https://github.com/Open-Medical-Affairs/Data-Sources/blob/main/synthetic/cardiometabolic-obesity/product-profile.md,2353,,"The compound, its approved indication, pivotal evidence and safety"
syn-cardiometabolic-obesity-promotional-claims-review,promotional-claims-review.md,synthetic,cardiometabolic-obesity,ADIPOSYN,Markdown,Apache-2.0 (fictional data),synthetic,false,download,https://raw.githubusercontent.com/Open-Medical-Affairs/Data-Sources/main/synthetic/cardiometabolic-obesity/promotional-claims-review.md,https://github.com/Open-Medical-Affairs/Data-Sources/blob/main/synthetic/cardiometabolic-obesity/promotional-claims-review.md,1419,,Medical review exercise
syn-cardiometabolic-obesity-publication-plan,publication-plan.md,synthetic,cardiometabolic-obesity,ADIPOSYN,Markdown,Apache-2.0 (fictional data),synthetic,false,download,https://raw.githubusercontent.com/Open-Medical-Affairs/Data-Sources/main/synthetic/cardiometabolic-obesity/publication-plan.md,https://github.com/Open-Medical-Affairs/Data-Sources/blob/main/synthetic/cardiometabolic-obesity/publication-plan.md,1678,,What is currently planned
syn-cardiometabolic-obesity-rwe-study-concept,rwe-study-concept.md,synthetic,cardiometabolic-obesity,ADIPOSYN,Markdown,Apache-2.0 (fictional data),synthetic,false,download,https://raw.githubusercontent.com/Open-Medical-Affairs/Data-Sources/main/synthetic/cardiometabolic-obesity/rwe-study-concept.md,https://github.com/Open-Medical-Affairs/Data-Sources/blob/main/synthetic/cardiometabolic-obesity/rwe-study-concept.md,1364,,RWE protocol concept
syn-cardiometabolic-obesity-safety-case-series,safety-case-series.md,synthetic,cardiometabolic-obesity,ADIPOSYN,Markdown,Apache-2.0 (fictional data),synthetic,false,download,https://raw.githubusercontent.com/Open-Medical-Affairs/Data-Sources/main/synthetic/cardiometabolic-obesity/safety-case-series.md,https://github.com/Open-Medical-Affairs/Data-Sources/blob/main/synthetic/cardiometabolic-obesity/safety-case-series.md,1213,,Safety communication source cases
syn-cardiometabolic-obesity-scientific-platform-draft,scientific-platform-draft.md,synthetic,cardiometabolic-obesity,ADIPOSYN,Markdown,Apache-2.0 (fictional data),synthetic,false,download,https://raw.githubusercontent.com/Open-Medical-Affairs/Data-Sources/main/synthetic/cardiometabolic-obesity/scientific-platform-draft.md,https://github.com/Open-Medical-Affairs/Data-Sources/blob/main/synthetic/cardiometabolic-obesity/scientific-platform-draft.md,1263,,Scientific platform draft v0.7
syn-cardiometabolic-obesity-structured-evidence-table,structured-evidence-table.csv,synthetic,cardiometabolic-obesity,ADIPOSYN,CSV,Apache-2.0 (fictional data),synthetic,false,download,https://raw.githubusercontent.com/Open-Medical-Affairs/Data-Sources/main/synthetic/cardiometabolic-obesity/structured-evidence-table.csv,https://github.com/Open-Medical-Affairs/Data-Sources/blob/main/synthetic/cardiometabolic-obesity/structured-evidence-table.csv,2469,10,Structured evidence table
syn-cardiometabolic-obesity-terminology-coding-queue,terminology-coding-queue.csv,synthetic,cardiometabolic-obesity,ADIPOSYN,CSV,Apache-2.0 (fictional data),synthetic,false,download,https://raw.githubusercontent.com/Open-Medical-Affairs/Data-Sources/main/synthetic/cardiometabolic-obesity/terminology-coding-queue.csv,https://github.com/Open-Medical-Affairs/Data-Sources/blob/main/synthetic/cardiometabolic-obesity/terminology-coding-queue.csv,525,5,Terminology coding queue
syn-connected-readme,README.md,synthetic,connected,"all (NORVANTIB, DERMALYX, ADIPOSYN)",Markdown,Apache-2.0 (fictional data),synthetic,false,download,https://raw.githubusercontent.com/Open-Medical-Affairs/Data-Sources/main/synthetic/connected/README.md,https://github.com/Open-Medical-Affairs/Data-Sources/blob/main/synthetic/connected/README.md,1382,,How to use the connected practice organization
syn-connected-access_log,access_log.csv,synthetic,connected,"all (NORVANTIB, DERMALYX, ADIPOSYN)",CSV,Apache-2.0 (fictional data),synthetic,false,download,https://raw.githubusercontent.com/Open-Medical-Affairs/Data-Sources/main/synthetic/connected/access_log.csv,https://github.com/Open-Medical-Affairs/Data-Sources/blob/main/synthetic/connected/access_log.csv,25330,90,Institutional access routes and rules
syn-connected-accounts,accounts.csv,synthetic,connected,"all (NORVANTIB, DERMALYX, ADIPOSYN)",CSV,Apache-2.0 (fictional data),synthetic,false,download,https://raw.githubusercontent.com/Open-Medical-Affairs/Data-Sources/main/synthetic/connected/accounts.csv,https://github.com/Open-Medical-Affairs/Data-Sources/blob/main/synthetic/connected/accounts.csv,2577,24,Institutions with capacity and scientific need
syn-connected-content_assets,content_assets.csv,synthetic,connected,"all (NORVANTIB, DERMALYX, ADIPOSYN)",CSV,Apache-2.0 (fictional data),synthetic,false,download,https://raw.githubusercontent.com/Open-Medical-Affairs/Data-Sources/main/synthetic/connected/content_assets.csv,https://github.com/Open-Medical-Affairs/Data-Sources/blob/main/synthetic/connected/content_assets.csv,5610,36,Content library with review status and due dates
syn-connected-data-dictionary,data-dictionary.json,synthetic,connected,"all (NORVANTIB, DERMALYX, ADIPOSYN)",JSON,Apache-2.0 (fictional data),synthetic,false,download,https://raw.githubusercontent.com/Open-Medical-Affairs/Data-Sources/main/synthetic/connected/data-dictionary.json,https://github.com/Open-Medical-Affairs/Data-Sources/blob/main/synthetic/connected/data-dictionary.json,3724,,"Fields, joins and row counts"
syn-connected-engagement,engagement.csv,synthetic,connected,"all (NORVANTIB, DERMALYX, ADIPOSYN)",CSV,Apache-2.0 (fictional data),synthetic,false,download,https://raw.githubusercontent.com/Open-Medical-Affairs/Data-Sources/main/synthetic/connected/engagement.csv,https://github.com/Open-Medical-Affairs/Data-Sources/blob/main/synthetic/connected/engagement.csv,15078,90,"Education engagement: invited, attended, pre/post scores"
syn-connected-enquiries,enquiries.csv,synthetic,connected,"all (NORVANTIB, DERMALYX, ADIPOSYN)",CSV,Apache-2.0 (fictional data),synthetic,false,download,https://raw.githubusercontent.com/Open-Medical-Affairs/Data-Sources/main/synthetic/connected/enquiries.csv,https://github.com/Open-Medical-Affairs/Data-Sources/blob/main/synthetic/connected/enquiries.csv,5001,18,Medical information enquiries
syn-connected-hcps,hcps.csv,synthetic,connected,"all (NORVANTIB, DERMALYX, ADIPOSYN)",CSV,Apache-2.0 (fictional data),synthetic,false,download,https://raw.githubusercontent.com/Open-Medical-Affairs/Data-Sources/main/synthetic/connected/hcps.csv,https://github.com/Open-Medical-Affairs/Data-Sources/blob/main/synthetic/connected/hcps.csv,16731,90,"Fictional clinicians, channel preferences and permissions"
syn-connected-interactions,interactions.csv,synthetic,connected,"all (NORVANTIB, DERMALYX, ADIPOSYN)",CSV,Apache-2.0 (fictional data),synthetic,false,download,https://raw.githubusercontent.com/Open-Medical-Affairs/Data-Sources/main/synthetic/connected/interactions.csv,https://github.com/Open-Medical-Affairs/Data-Sources/blob/main/synthetic/connected/interactions.csv,40295,163,Field interactions with verbatims and source links
syn-connected-medical-affairs,medical-affairs.sqlite,synthetic,connected,"all (NORVANTIB, DERMALYX, ADIPOSYN)",SQLite,Apache-2.0 (fictional data),synthetic,false,download,https://raw.githubusercontent.com/Open-Medical-Affairs/Data-Sources/main/synthetic/connected/medical-affairs.sqlite,https://github.com/Open-Medical-Affairs/Data-Sources/blob/main/synthetic/connected/medical-affairs.sqlite,,,All connected tables in one SQLite file (no server or login)
syn-connected-msl_tasks,msl_tasks.csv,synthetic,connected,"all (NORVANTIB, DERMALYX, ADIPOSYN)",CSV,Apache-2.0 (fictional data),synthetic,false,download,https://raw.githubusercontent.com/Open-Medical-Affairs/Data-Sources/main/synthetic/connected/msl_tasks.csv,https://github.com/Open-Medical-Affairs/Data-Sources/blob/main/synthetic/connected/msl_tasks.csv,45429,180,MSL task queue with owners and due dates
syn-connected-patient_partnerships,patient_partnerships.csv,synthetic,connected,"all (NORVANTIB, DERMALYX, ADIPOSYN)",CSV,Apache-2.0 (fictional data),synthetic,false,download,https://raw.githubusercontent.com/Open-Medical-Affairs/Data-Sources/main/synthetic/connected/patient_partnerships.csv,https://github.com/Open-Medical-Affairs/Data-Sources/blob/main/synthetic/connected/patient_partnerships.csv,1876,12,Patient organization inputs and quote permissions
syn-connected-projects,projects.csv,synthetic,connected,"all (NORVANTIB, DERMALYX, ADIPOSYN)",CSV,Apache-2.0 (fictional data),synthetic,false,download,https://raw.githubusercontent.com/Open-Medical-Affairs/Data-Sources/main/synthetic/connected/projects.csv,https://github.com/Open-Medical-Affairs/Data-Sources/blob/main/synthetic/connected/projects.csv,2850,18,"Evidence projects with cost, hours and dependencies"
syn-connected-source_links,source_links.csv,synthetic,connected,"all (NORVANTIB, DERMALYX, ADIPOSYN)",CSV,Apache-2.0 (fictional data),synthetic,false,download,https://raw.githubusercontent.com/Open-Medical-Affairs/Data-Sources/main/synthetic/connected/source_links.csv,https://github.com/Open-Medical-Affairs/Data-Sources/blob/main/synthetic/connected/source_links.csv,24588,96,Source registry with file hashes
syn-immunology-ad-readme,README.md,synthetic,immunology-ad,DERMALYX,Markdown,Apache-2.0 (fictional data),synthetic,false,download,https://raw.githubusercontent.com/Open-Medical-Affairs/Data-Sources/main/synthetic/immunology-ad/README.md,https://github.com/Open-Medical-Affairs/Data-Sources/blob/main/synthetic/immunology-ad/README.md,2284,,Data pack
syn-immunology-ad-abstract-poster-brief,abstract-poster-brief.md,synthetic,immunology-ad,DERMALYX,Markdown,Apache-2.0 (fictional data),synthetic,false,download,https://raw.githubusercontent.com/Open-Medical-Affairs/Data-Sources/main/synthetic/immunology-ad/abstract-poster-brief.md,https://github.com/Open-Medical-Affairs/Data-Sources/blob/main/synthetic/immunology-ad/abstract-poster-brief.md,1086,,Congress abstract and poster brief
syn-immunology-ad-advisory-board-transcript,advisory-board-transcript.md,synthetic,immunology-ad,DERMALYX,Markdown,Apache-2.0 (fictional data),synthetic,false,download,https://raw.githubusercontent.com/Open-Medical-Affairs/Data-Sources/main/synthetic/immunology-ad/advisory-board-transcript.md,https://github.com/Open-Medical-Affairs/Data-Sources/blob/main/synthetic/immunology-ad/advisory-board-transcript.md,1576,,Advisory board transcript
syn-immunology-ad-competitor-announcements,competitor-announcements.md,synthetic,immunology-ad,DERMALYX,Markdown,Apache-2.0 (fictional data),synthetic,false,download,https://raw.githubusercontent.com/Open-Medical-Affairs/Data-Sources/main/synthetic/immunology-ad/competitor-announcements.md,https://github.com/Open-Medical-Affairs/Data-Sources/blob/main/synthetic/immunology-ad/competitor-announcements.md,943,,Press releases and corporate statements
syn-immunology-ad-congress-abstracts,congress-abstracts.md,synthetic,immunology-ad,DERMALYX,Markdown,Apache-2.0 (fictional data),synthetic,false,download,https://raw.githubusercontent.com/Open-Medical-Affairs/Data-Sources/main/synthetic/immunology-ad/congress-abstracts.md,https://github.com/Open-Medical-Affairs/Data-Sources/blob/main/synthetic/immunology-ad/congress-abstracts.md,2758,,What was presented at the recent congress
syn-immunology-ad-document-ingestion-challenge,document-ingestion-challenge.md,synthetic,immunology-ad,DERMALYX,Markdown,Apache-2.0 (fictional data),synthetic,false,download,https://raw.githubusercontent.com/Open-Medical-Affairs/Data-Sources/main/synthetic/immunology-ad/document-ingestion-challenge.md,https://github.com/Open-Medical-Affairs/Data-Sources/blob/main/synthetic/immunology-ad/document-ingestion-challenge.md,1037,,Scanned-source transcription challenge
syn-immunology-ad-evidence-landscape,evidence-landscape.md,synthetic,immunology-ad,DERMALYX,Markdown,Apache-2.0 (fictional data),synthetic,false,download,https://raw.githubusercontent.com/Open-Medical-Affairs/Data-Sources/main/synthetic/immunology-ad/evidence-landscape.md,https://github.com/Open-Medical-Affairs/Data-Sources/blob/main/synthetic/immunology-ad/evidence-landscape.md,1767,,"What is known, what competitors have, what nobody has answered"
syn-immunology-ad-field-account-plan,field-account-plan.csv,synthetic,immunology-ad,DERMALYX,CSV,Apache-2.0 (fictional data),synthetic,false,download,https://raw.githubusercontent.com/Open-Medical-Affairs/Data-Sources/main/synthetic/immunology-ad/field-account-plan.csv,https://github.com/Open-Medical-Affairs/Data-Sources/blob/main/synthetic/immunology-ad/field-account-plan.csv,1011,15,Field account plan
syn-immunology-ad-field-observations,field-observations.csv,synthetic,immunology-ad,DERMALYX,CSV,Apache-2.0 (fictional data),synthetic,false,download,https://raw.githubusercontent.com/Open-Medical-Affairs/Data-Sources/main/synthetic/immunology-ad/field-observations.csv,https://github.com/Open-Medical-Affairs/Data-Sources/blob/main/synthetic/immunology-ad/field-observations.csv,8501,54,54 field interaction records from one quarter
syn-immunology-ad-guideline-landscape,guideline-landscape.md,synthetic,immunology-ad,DERMALYX,Markdown,Apache-2.0 (fictional data),synthetic,false,download,https://raw.githubusercontent.com/Open-Medical-Affairs/Data-Sources/main/synthetic/immunology-ad/guideline-landscape.md,https://github.com/Open-Medical-Affairs/Data-Sources/blob/main/synthetic/immunology-ad/guideline-landscape.md,1142,,Guideline landscape
syn-immunology-ad-iis-proposal,iis-proposal.md,synthetic,immunology-ad,DERMALYX,Markdown,Apache-2.0 (fictional data),synthetic,false,download,https://raw.githubusercontent.com/Open-Medical-Affairs/Data-Sources/main/synthetic/immunology-ad/iis-proposal.md,https://github.com/Open-Medical-Affairs/Data-Sources/blob/main/synthetic/immunology-ad/iis-proposal.md,1308,,Investigator-initiated study proposal
syn-immunology-ad-integrated-evidence-plan,integrated-evidence-plan.csv,synthetic,immunology-ad,DERMALYX,CSV,Apache-2.0 (fictional data),synthetic,false,download,https://raw.githubusercontent.com/Open-Medical-Affairs/Data-Sources/main/synthetic/immunology-ad/integrated-evidence-plan.csv,https://github.com/Open-Medical-Affairs/Data-Sources/blob/main/synthetic/immunology-ad/integrated-evidence-plan.csv,1095,5,Integrated evidence plan
syn-immunology-ad-interaction-notes,interaction-notes.md,synthetic,immunology-ad,DERMALYX,Markdown,Apache-2.0 (fictional data),synthetic,false,download,https://raw.githubusercontent.com/Open-Medical-Affairs/Data-Sources/main/synthetic/immunology-ad/interaction-notes.md,https://github.com/Open-Medical-Affairs/Data-Sources/blob/main/synthetic/immunology-ad/interaction-notes.md,1469,,What happened at the last meeting with each
syn-immunology-ad-kol-dossiers,kol-dossiers.md,synthetic,immunology-ad,DERMALYX,Markdown,Apache-2.0 (fictional data),synthetic,false,download,https://raw.githubusercontent.com/Open-Medical-Affairs/Data-Sources/main/synthetic/immunology-ad/kol-dossiers.md,https://github.com/Open-Medical-Affairs/Data-Sources/blob/main/synthetic/immunology-ad/kol-dossiers.md,2239,,"Three experts, including one who is deliberately difficult"
syn-immunology-ad-launch-readiness-register,launch-readiness-register.md,synthetic,immunology-ad,DERMALYX,Markdown,Apache-2.0 (fictional data),synthetic,false,download,https://raw.githubusercontent.com/Open-Medical-Affairs/Data-Sources/main/synthetic/immunology-ad/launch-readiness-register.md,https://github.com/Open-Medical-Affairs/Data-Sources/blob/main/synthetic/immunology-ad/launch-readiness-register.md,1279,,Launch readiness register
syn-immunology-ad-manuscript-draft,manuscript-draft.md,synthetic,immunology-ad,DERMALYX,Markdown,Apache-2.0 (fictional data),synthetic,false,download,https://raw.githubusercontent.com/Open-Medical-Affairs/Data-Sources/main/synthetic/immunology-ad/manuscript-draft.md,https://github.com/Open-Medical-Affairs/Data-Sources/blob/main/synthetic/immunology-ad/manuscript-draft.md,1395,,Manuscript source draft
syn-immunology-ad-medical-education-needs,medical-education-needs.md,synthetic,immunology-ad,DERMALYX,Markdown,Apache-2.0 (fictional data),synthetic,false,download,https://raw.githubusercontent.com/Open-Medical-Affairs/Data-Sources/main/synthetic/immunology-ad/medical-education-needs.md,https://github.com/Open-Medical-Affairs/Data-Sources/blob/main/synthetic/immunology-ad/medical-education-needs.md,1319,,Independent medical education needs assessment
syn-immunology-ad-medical-impact-metrics,medical-impact-metrics.csv,synthetic,immunology-ad,DERMALYX,CSV,Apache-2.0 (fictional data),synthetic,false,download,https://raw.githubusercontent.com/Open-Medical-Affairs/Data-Sources/main/synthetic/immunology-ad/medical-impact-metrics.csv,https://github.com/Open-Medical-Affairs/Data-Sources/blob/main/synthetic/immunology-ad/medical-impact-metrics.csv,439,6,Medical impact metrics
syn-immunology-ad-medical-information-enquiries,medical-information-enquiries.csv,synthetic,immunology-ad,DERMALYX,CSV,Apache-2.0 (fictional data),synthetic,false,download,https://raw.githubusercontent.com/Open-Medical-Affairs/Data-Sources/main/synthetic/immunology-ad/medical-information-enquiries.csv,https://github.com/Open-Medical-Affairs/Data-Sources/blob/main/synthetic/immunology-ad/medical-information-enquiries.csv,1155,6,Medical information enquiries
syn-immunology-ad-medical-plan,medical-plan.md,synthetic,immunology-ad,DERMALYX,Markdown,Apache-2.0 (fictional data),synthetic,false,download,https://raw.githubusercontent.com/Open-Medical-Affairs/Data-Sources/main/synthetic/immunology-ad/medical-plan.md,https://github.com/Open-Medical-Affairs/Data-Sources/blob/main/synthetic/immunology-ad/medical-plan.md,1869,,"This year's plan, with the problems real plans have"
syn-immunology-ad-mlr-review-comments,mlr-review-comments.md,synthetic,immunology-ad,DERMALYX,Markdown,Apache-2.0 (fictional data),synthetic,false,download,https://raw.githubusercontent.com/Open-Medical-Affairs/Data-Sources/main/synthetic/immunology-ad/mlr-review-comments.md,https://github.com/Open-Medical-Affairs/Data-Sources/blob/main/synthetic/immunology-ad/mlr-review-comments.md,1179,,MLR review history
syn-immunology-ad-patient-level-analysis,patient-level-analysis.csv,synthetic,immunology-ad,DERMALYX,CSV,Apache-2.0 (fictional data),synthetic,false,download,https://raw.githubusercontent.com/Open-Medical-Affairs/Data-Sources/main/synthetic/immunology-ad/patient-level-analysis.csv,https://github.com/Open-Medical-Affairs/Data-Sources/blob/main/synthetic/immunology-ad/patient-level-analysis.csv,3075,60,Patient level analysis
syn-immunology-ad-payer-hta-brief,payer-hta-brief.md,synthetic,immunology-ad,DERMALYX,Markdown,Apache-2.0 (fictional data),synthetic,false,download,https://raw.githubusercontent.com/Open-Medical-Affairs/Data-Sources/main/synthetic/immunology-ad/payer-hta-brief.md,https://github.com/Open-Medical-Affairs/Data-Sources/blob/main/synthetic/immunology-ad/payer-hta-brief.md,1413,,Payer and HTA evidence brief
syn-immunology-ad-plain-language-source,plain-language-source.md,synthetic,immunology-ad,DERMALYX,Markdown,Apache-2.0 (fictional data),synthetic,false,download,https://raw.githubusercontent.com/Open-Medical-Affairs/Data-Sources/main/synthetic/immunology-ad/plain-language-source.md,https://github.com/Open-Medical-Affairs/Data-Sources/blob/main/synthetic/immunology-ad/plain-language-source.md,1317,,Plain-language summary source
syn-immunology-ad-product-profile,product-profile.md,synthetic,immunology-ad,DERMALYX,Markdown,Apache-2.0 (fictional data),synthetic,false,download,https://raw.githubusercontent.com/Open-Medical-Affairs/Data-Sources/main/synthetic/immunology-ad/product-profile.md,https://github.com/Open-Medical-Affairs/Data-Sources/blob/main/synthetic/immunology-ad/product-profile.md,2305,,"The compound, its approved indication, pivotal evidence and safety"
syn-immunology-ad-promotional-claims-review,promotional-claims-review.md,synthetic,immunology-ad,DERMALYX,Markdown,Apache-2.0 (fictional data),synthetic,false,download,https://raw.githubusercontent.com/Open-Medical-Affairs/Data-Sources/main/synthetic/immunology-ad/promotional-claims-review.md,https://github.com/Open-Medical-Affairs/Data-Sources/blob/main/synthetic/immunology-ad/promotional-claims-review.md,1441,,Medical review exercise
syn-immunology-ad-publication-plan,publication-plan.md,synthetic,immunology-ad,DERMALYX,Markdown,Apache-2.0 (fictional data),synthetic,false,download,https://raw.githubusercontent.com/Open-Medical-Affairs/Data-Sources/main/synthetic/immunology-ad/publication-plan.md,https://github.com/Open-Medical-Affairs/Data-Sources/blob/main/synthetic/immunology-ad/publication-plan.md,1690,,What is currently planned
syn-immunology-ad-rwe-study-concept,rwe-study-concept.md,synthetic,immunology-ad,DERMALYX,Markdown,Apache-2.0 (fictional data),synthetic,false,download,https://raw.githubusercontent.com/Open-Medical-Affairs/Data-Sources/main/synthetic/immunology-ad/rwe-study-concept.md,https://github.com/Open-Medical-Affairs/Data-Sources/blob/main/synthetic/immunology-ad/rwe-study-concept.md,1364,,RWE protocol concept
syn-immunology-ad-safety-case-series,safety-case-series.md,synthetic,immunology-ad,DERMALYX,Markdown,Apache-2.0 (fictional data),synthetic,false,download,https://raw.githubusercontent.com/Open-Medical-Affairs/Data-Sources/main/synthetic/immunology-ad/safety-case-series.md,https://github.com/Open-Medical-Affairs/Data-Sources/blob/main/synthetic/immunology-ad/safety-case-series.md,1213,,Safety communication source cases
syn-immunology-ad-scientific-platform-draft,scientific-platform-draft.md,synthetic,immunology-ad,DERMALYX,Markdown,Apache-2.0 (fictional data),synthetic,false,download,https://raw.githubusercontent.com/Open-Medical-Affairs/Data-Sources/main/synthetic/immunology-ad/scientific-platform-draft.md,https://github.com/Open-Medical-Affairs/Data-Sources/blob/main/synthetic/immunology-ad/scientific-platform-draft.md,1259,,Scientific platform draft v0.7
syn-immunology-ad-structured-evidence-table,structured-evidence-table.csv,synthetic,immunology-ad,DERMALYX,CSV,Apache-2.0 (fictional data),synthetic,false,download,https://raw.githubusercontent.com/Open-Medical-Affairs/Data-Sources/main/synthetic/immunology-ad/structured-evidence-table.csv,https://github.com/Open-Medical-Affairs/Data-Sources/blob/main/synthetic/immunology-ad/structured-evidence-table.csv,2633,10,Structured evidence table
syn-immunology-ad-terminology-coding-queue,terminology-coding-queue.csv,synthetic,immunology-ad,DERMALYX,CSV,Apache-2.0 (fictional data),synthetic,false,download,https://raw.githubusercontent.com/Open-Medical-Affairs/Data-Sources/main/synthetic/immunology-ad/terminology-coding-queue.csv,https://github.com/Open-Medical-Affairs/Data-Sources/blob/main/synthetic/immunology-ad/terminology-coding-queue.csv,525,5,Terminology coding queue
syn-oncology-mm-readme,README.md,synthetic,oncology-mm,NORVANTIB,Markdown,Apache-2.0 (fictional data),synthetic,false,download,https://raw.githubusercontent.com/Open-Medical-Affairs/Data-Sources/main/synthetic/oncology-mm/README.md,https://github.com/Open-Medical-Affairs/Data-Sources/blob/main/synthetic/oncology-mm/README.md,2283,,Data pack
syn-oncology-mm-abstract-poster-brief,abstract-poster-brief.md,synthetic,oncology-mm,NORVANTIB,Markdown,Apache-2.0 (fictional data),synthetic,false,download,https://raw.githubusercontent.com/Open-Medical-Affairs/Data-Sources/main/synthetic/oncology-mm/abstract-poster-brief.md,https://github.com/Open-Medical-Affairs/Data-Sources/blob/main/synthetic/oncology-mm/abstract-poster-brief.md,1003,,Congress abstract and poster brief
syn-oncology-mm-advisory-board-transcript,advisory-board-transcript.md,synthetic,oncology-mm,NORVANTIB,Markdown,Apache-2.0 (fictional data),synthetic,false,download,https://raw.githubusercontent.com/Open-Medical-Affairs/Data-Sources/main/synthetic/oncology-mm/advisory-board-transcript.md,https://github.com/Open-Medical-Affairs/Data-Sources/blob/main/synthetic/oncology-mm/advisory-board-transcript.md,1550,,Advisory board transcript
syn-oncology-mm-competitor-announcements,competitor-announcements.md,synthetic,oncology-mm,NORVANTIB,Markdown,Apache-2.0 (fictional data),synthetic,false,download,https://raw.githubusercontent.com/Open-Medical-Affairs/Data-Sources/main/synthetic/oncology-mm/competitor-announcements.md,https://github.com/Open-Medical-Affairs/Data-Sources/blob/main/synthetic/oncology-mm/competitor-announcements.md,1014,,Press releases and corporate statements
syn-oncology-mm-congress-abstracts,congress-abstracts.md,synthetic,oncology-mm,NORVANTIB,Markdown,Apache-2.0 (fictional data),synthetic,false,download,https://raw.githubusercontent.com/Open-Medical-Affairs/Data-Sources/main/synthetic/oncology-mm/congress-abstracts.md,https://github.com/Open-Medical-Affairs/Data-Sources/blob/main/synthetic/oncology-mm/congress-abstracts.md,3016,,What was presented at the recent congress
syn-oncology-mm-document-ingestion-challenge,document-ingestion-challenge.md,synthetic,oncology-mm,NORVANTIB,Markdown,Apache-2.0 (fictional data),synthetic,false,download,https://raw.githubusercontent.com/Open-Medical-Affairs/Data-Sources/main/synthetic/oncology-mm/document-ingestion-challenge.md,https://github.com/Open-Medical-Affairs/Data-Sources/blob/main/synthetic/oncology-mm/document-ingestion-challenge.md,1002,,Scanned-source transcription challenge
syn-oncology-mm-evidence-landscape,evidence-landscape.md,synthetic,oncology-mm,NORVANTIB,Markdown,Apache-2.0 (fictional data),synthetic,false,download,https://raw.githubusercontent.com/Open-Medical-Affairs/Data-Sources/main/synthetic/oncology-mm/evidence-landscape.md,https://github.com/Open-Medical-Affairs/Data-Sources/blob/main/synthetic/oncology-mm/evidence-landscape.md,1677,,"What is known, what competitors have, what nobody has answered"
syn-oncology-mm-field-account-plan,field-account-plan.csv,synthetic,oncology-mm,NORVANTIB,CSV,Apache-2.0 (fictional data),synthetic,false,download,https://raw.githubusercontent.com/Open-Medical-Affairs/Data-Sources/main/synthetic/oncology-mm/field-account-plan.csv,https://github.com/Open-Medical-Affairs/Data-Sources/blob/main/synthetic/oncology-mm/field-account-plan.csv,1011,15,Field account plan
syn-oncology-mm-field-observations,field-observations.csv,synthetic,oncology-mm,NORVANTIB,CSV,Apache-2.0 (fictional data),synthetic,false,download,https://raw.githubusercontent.com/Open-Medical-Affairs/Data-Sources/main/synthetic/oncology-mm/field-observations.csv,https://github.com/Open-Medical-Affairs/Data-Sources/blob/main/synthetic/oncology-mm/field-observations.csv,8832,55,55 field interaction records from one quarter
syn-oncology-mm-guideline-landscape,guideline-landscape.md,synthetic,oncology-mm,NORVANTIB,Markdown,Apache-2.0 (fictional data),synthetic,false,download,https://raw.githubusercontent.com/Open-Medical-Affairs/Data-Sources/main/synthetic/oncology-mm/guideline-landscape.md,https://github.com/Open-Medical-Affairs/Data-Sources/blob/main/synthetic/oncology-mm/guideline-landscape.md,1116,,Guideline landscape
syn-oncology-mm-iis-proposal,iis-proposal.md,synthetic,oncology-mm,NORVANTIB,Markdown,Apache-2.0 (fictional data),synthetic,false,download,https://raw.githubusercontent.com/Open-Medical-Affairs/Data-Sources/main/synthetic/oncology-mm/iis-proposal.md,https://github.com/Open-Medical-Affairs/Data-Sources/blob/main/synthetic/oncology-mm/iis-proposal.md,1325,,Investigator-initiated study proposal
syn-oncology-mm-integrated-evidence-plan,integrated-evidence-plan.csv,synthetic,oncology-mm,NORVANTIB,CSV,Apache-2.0 (fictional data),synthetic,false,download,https://raw.githubusercontent.com/Open-Medical-Affairs/Data-Sources/main/synthetic/oncology-mm/integrated-evidence-plan.csv,https://github.com/Open-Medical-Affairs/Data-Sources/blob/main/synthetic/oncology-mm/integrated-evidence-plan.csv,1088,5,Integrated evidence plan
syn-oncology-mm-interaction-notes,interaction-notes.md,synthetic,oncology-mm,NORVANTIB,Markdown,Apache-2.0 (fictional data),synthetic,false,download,https://raw.githubusercontent.com/Open-Medical-Affairs/Data-Sources/main/synthetic/oncology-mm/interaction-notes.md,https://github.com/Open-Medical-Affairs/Data-Sources/blob/main/synthetic/oncology-mm/interaction-notes.md,1627,,What happened at the last meeting with each
syn-oncology-mm-kol-dossiers,kol-dossiers.md,synthetic,oncology-mm,NORVANTIB,Markdown,Apache-2.0 (fictional data),synthetic,false,download,https://raw.githubusercontent.com/Open-Medical-Affairs/Data-Sources/main/synthetic/oncology-mm/kol-dossiers.md,https://github.com/Open-Medical-Affairs/Data-Sources/blob/main/synthetic/oncology-mm/kol-dossiers.md,2409,,"Three experts, including one who is deliberately difficult"
syn-oncology-mm-launch-readiness-register,launch-readiness-register.md,synthetic,oncology-mm,NORVANTIB,Markdown,Apache-2.0 (fictional data),synthetic,false,download,https://raw.githubusercontent.com/Open-Medical-Affairs/Data-Sources/main/synthetic/oncology-mm/launch-readiness-register.md,https://github.com/Open-Medical-Affairs/Data-Sources/blob/main/synthetic/oncology-mm/launch-readiness-register.md,1280,,Launch readiness register
syn-oncology-mm-manuscript-draft,manuscript-draft.md,synthetic,oncology-mm,NORVANTIB,Markdown,Apache-2.0 (fictional data),synthetic,false,download,https://raw.githubusercontent.com/Open-Medical-Affairs/Data-Sources/main/synthetic/oncology-mm/manuscript-draft.md,https://github.com/Open-Medical-Affairs/Data-Sources/blob/main/synthetic/oncology-mm/manuscript-draft.md,1310,,Manuscript source draft
syn-oncology-mm-medical-education-needs,medical-education-needs.md,synthetic,oncology-mm,NORVANTIB,Markdown,Apache-2.0 (fictional data),synthetic,false,download,https://raw.githubusercontent.com/Open-Medical-Affairs/Data-Sources/main/synthetic/oncology-mm/medical-education-needs.md,https://github.com/Open-Medical-Affairs/Data-Sources/blob/main/synthetic/oncology-mm/medical-education-needs.md,1308,,Independent medical education needs assessment
syn-oncology-mm-medical-impact-metrics,medical-impact-metrics.csv,synthetic,oncology-mm,NORVANTIB,CSV,Apache-2.0 (fictional data),synthetic,false,download,https://raw.githubusercontent.com/Open-Medical-Affairs/Data-Sources/main/synthetic/oncology-mm/medical-impact-metrics.csv,https://github.com/Open-Medical-Affairs/Data-Sources/blob/main/synthetic/oncology-mm/medical-impact-metrics.csv,439,6,Medical impact metrics
syn-oncology-mm-medical-information-enquiries,medical-information-enquiries.csv,synthetic,oncology-mm,NORVANTIB,CSV,Apache-2.0 (fictional data),synthetic,false,download,https://raw.githubusercontent.com/Open-Medical-Affairs/Data-Sources/main/synthetic/oncology-mm/medical-information-enquiries.csv,https://github.com/Open-Medical-Affairs/Data-Sources/blob/main/synthetic/oncology-mm/medical-information-enquiries.csv,1148,6,Medical information enquiries
syn-oncology-mm-medical-plan,medical-plan.md,synthetic,oncology-mm,NORVANTIB,Markdown,Apache-2.0 (fictional data),synthetic,false,download,https://raw.githubusercontent.com/Open-Medical-Affairs/Data-Sources/main/synthetic/oncology-mm/medical-plan.md,https://github.com/Open-Medical-Affairs/Data-Sources/blob/main/synthetic/oncology-mm/medical-plan.md,1868,,"This year's plan, with the problems real plans have"
syn-oncology-mm-mlr-review-comments,mlr-review-comments.md,synthetic,oncology-mm,NORVANTIB,Markdown,Apache-2.0 (fictional data),synthetic,false,download,https://raw.githubusercontent.com/Open-Medical-Affairs/Data-Sources/main/synthetic/oncology-mm/mlr-review-comments.md,https://github.com/Open-Medical-Affairs/Data-Sources/blob/main/synthetic/oncology-mm/mlr-review-comments.md,1179,,MLR review history
syn-oncology-mm-patient-level-analysis,patient-level-analysis.csv,synthetic,oncology-mm,NORVANTIB,CSV,Apache-2.0 (fictional data),synthetic,false,download,https://raw.githubusercontent.com/Open-Medical-Affairs/Data-Sources/main/synthetic/oncology-mm/patient-level-analysis.csv,https://github.com/Open-Medical-Affairs/Data-Sources/blob/main/synthetic/oncology-mm/patient-level-analysis.csv,3084,60,Patient level analysis
syn-oncology-mm-payer-hta-brief,payer-hta-brief.md,synthetic,oncology-mm,NORVANTIB,Markdown,Apache-2.0 (fictional data),synthetic,false,download,https://raw.githubusercontent.com/Open-Medical-Affairs/Data-Sources/main/synthetic/oncology-mm/payer-hta-brief.md,https://github.com/Open-Medical-Affairs/Data-Sources/blob/main/synthetic/oncology-mm/payer-hta-brief.md,1330,,Payer and HTA evidence brief
syn-oncology-mm-plain-language-source,plain-language-source.md,synthetic,oncology-mm,NORVANTIB,Markdown,Apache-2.0 (fictional data),synthetic,false,download,https://raw.githubusercontent.com/Open-Medical-Affairs/Data-Sources/main/synthetic/oncology-mm/plain-language-source.md,https://github.com/Open-Medical-Affairs/Data-Sources/blob/main/synthetic/oncology-mm/plain-language-source.md,1243,,Plain-language summary source
syn-oncology-mm-product-profile,product-profile.md,synthetic,oncology-mm,NORVANTIB,Markdown,Apache-2.0 (fictional data),synthetic,false,download,https://raw.githubusercontent.com/Open-Medical-Affairs/Data-Sources/main/synthetic/oncology-mm/product-profile.md,https://github.com/Open-Medical-Affairs/Data-Sources/blob/main/synthetic/oncology-mm/product-profile.md,2131,,"The compound, its approved indication, pivotal evidence and safety"
syn-oncology-mm-promotional-claims-review,promotional-claims-review.md,synthetic,oncology-mm,NORVANTIB,Markdown,Apache-2.0 (fictional data),synthetic,false,download,https://raw.githubusercontent.com/Open-Medical-Affairs/Data-Sources/main/synthetic/oncology-mm/promotional-claims-review.md,https://github.com/Open-Medical-Affairs/Data-Sources/blob/main/synthetic/oncology-mm/promotional-claims-review.md,1361,,Medical review exercise
syn-oncology-mm-publication-plan,publication-plan.md,synthetic,oncology-mm,NORVANTIB,Markdown,Apache-2.0 (fictional data),synthetic,false,download,https://raw.githubusercontent.com/Open-Medical-Affairs/Data-Sources/main/synthetic/oncology-mm/publication-plan.md,https://github.com/Open-Medical-Affairs/Data-Sources/blob/main/synthetic/oncology-mm/publication-plan.md,1678,,What is currently planned
syn-oncology-mm-rwe-study-concept,rwe-study-concept.md,synthetic,oncology-mm,NORVANTIB,Markdown,Apache-2.0 (fictional data),synthetic,false,download,https://raw.githubusercontent.com/Open-Medical-Affairs/Data-Sources/main/synthetic/oncology-mm/rwe-study-concept.md,https://github.com/Open-Medical-Affairs/Data-Sources/blob/main/synthetic/oncology-mm/rwe-study-concept.md,1365,,RWE protocol concept
syn-oncology-mm-safety-case-series,safety-case-series.md,synthetic,oncology-mm,NORVANTIB,Markdown,Apache-2.0 (fictional data),synthetic,false,download,https://raw.githubusercontent.com/Open-Medical-Affairs/Data-Sources/main/synthetic/oncology-mm/safety-case-series.md,https://github.com/Open-Medical-Affairs/Data-Sources/blob/main/synthetic/oncology-mm/safety-case-series.md,1214,,Safety communication source cases
syn-oncology-mm-scientific-platform-draft,scientific-platform-draft.md,synthetic,oncology-mm,NORVANTIB,Markdown,Apache-2.0 (fictional data),synthetic,false,download,https://raw.githubusercontent.com/Open-Medical-Affairs/Data-Sources/main/synthetic/oncology-mm/scientific-platform-draft.md,https://github.com/Open-Medical-Affairs/Data-Sources/blob/main/synthetic/oncology-mm/scientific-platform-draft.md,1221,,Scientific platform draft v0.7
syn-oncology-mm-structured-evidence-table,structured-evidence-table.csv,synthetic,oncology-mm,NORVANTIB,CSV,Apache-2.0 (fictional data),synthetic,false,download,https://raw.githubusercontent.com/Open-Medical-Affairs/Data-Sources/main/synthetic/oncology-mm/structured-evidence-table.csv,https://github.com/Open-Medical-Affairs/Data-Sources/blob/main/synthetic/oncology-mm/structured-evidence-table.csv,2354,10,Structured evidence table
syn-oncology-mm-terminology-coding-queue,terminology-coding-queue.csv,synthetic,oncology-mm,NORVANTIB,CSV,Apache-2.0 (fictional data),synthetic,false,download,https://raw.githubusercontent.com/Open-Medical-Affairs/Data-Sources/main/synthetic/oncology-mm/terminology-coding-queue.csv,https://github.com/Open-Medical-Affairs/Data-Sources/blob/main/synthetic/oncology-mm/terminology-coding-queue.csv,525,5,Terminology coding queue
pub-pubmed-eutils,PubMed / NCBI E-utilities,public,evidence,,"JSON, XML",NLM data; abstracts may carry publisher copyright,check-terms,false,official-site,https://www.ncbi.nlm.nih.gov/books/NBK25497/,https://pubmed.ncbi.nlm.nih.gov/,,,"35M+ biomedical citations and abstracts with MeSH indexing; search, summary, fetch, link endpoints."
pub-pmc-oa,PMC Open Access Subset,public,evidence,,"XML, JSON (BioC), bulk on AWS",Varies per article (check each article's license statement),check-terms,false,official-site,https://pmc.ncbi.nlm.nih.gov/tools/openftlist/,https://pmc.ncbi.nlm.nih.gov/tools/openftlist/,,,Full-text articles and preprints under Creative Commons or similar reuse licenses.
pub-europe-pmc,Europe PMC REST API,public,evidence,,"JSON, XML",EMBL-EBI Terms of Use; article licenses vary (CC-BY/CC-BY-NC/CC0 or open access per Open Targets licence table),check-terms,false,official-site,https://europepmc.org/RestfulWebService,https://europepmc.org/,,,"Literature incl. PubMed, PMC, preprints (bioRxiv/medRxiv), patents, grants; open-access filtering."
pub-crossref,Crossref REST API,public,evidence,,JSON,'Almost none of the metadata is subject to copyright… use it for any purpose'; some abstracts may be copyrighted,check-terms,false,api-sample,"https://api.crossref.org/works?query=semaglutide&rows=5&select=DOI,title,published,container-title",https://www.crossref.org/,,,"DOI metadata from publishers: funding, licenses, ORCID/ROR IDs, post-publication updates (retractions/corrections), some abstracts."
pub-openalex,OpenAlex,public,evidence,,JSON,Data free; full dataset openly downloadable (per pricing page),open,false,api-sample,"https://api.openalex.org/works?search=semaglutide&per-page=5&select=id,doi,title,publication_year",https://openalex.org/,,,"Open index of works, authors, institutions, topics and citations; full dataset downloadable."
pub-semantic-scholar,Semantic Scholar Academic Graph API,public,evidence,,"JSON, bulk datasets",See API license agreement (not reviewed),check-terms,false,official-site,https://api.semanticscholar.org/api-docs/,https://www.semanticscholar.org/product/api,,,"214M papers, 2.49B citations, 79M authors; recommendations; downloadable datasets."
pub-biorxiv-medrxiv,bioRxiv / medRxiv API,public,evidence,,"JSON, CSV, OAI-PMH XML",Per-preprint license field returned,check-terms,false,official-site,https://api.biorxiv.org/,https://www.medrxiv.org/,,,"Preprint metadata (title, authors, abstract, license, category, JATS XML path, published DOI), publication linkage, usage stats."
pub-nih-reporter,NIH RePORTER API,public,evidence,,JSON,US government data (license not stated in excerpt),open,false,official-site,https://api.reporter.nih.gov/,https://reporter.nih.gov/,,,"NIH-funded projects and publications: PIs, institutions, abstracts, funding amounts."
pub-orcid,ORCID Public API,public,evidence,,"XML, JSON",Limited license to 'public' registry data,link-only,true,link-only,https://info.orcid.org/documentation/features/public-api/,https://orcid.org/,,,"Researcher identifiers with public works, affiliations and funding."
pub-ctgov-v2,ClinicalTrials.gov API v2,public,trials,,"JSON, CSV",Terms page is JS-rendered and could not be read (UNVERIFIED),check-terms,false,official-site,https://clinicaltrials.gov/data-api/api,https://clinicaltrials.gov/,,,"400k+ registered studies: design, arms, eligibility, outcomes, sites, sponsors, results."
pub-who-ictrp,WHO ICTRP Search Portal,public,trials,,"CSV, XML",WHO ICTRP Terms and Conditions accepted on download,check-terms,false,official-site,https://www.who.int/tools/clinical-trials-registry-platform/network/who-data-set/downloading-records-from-the-ictrp-database,https://trialsearch.who.int/,,,"Trials from WHO primary registries worldwide (ChiCTR, EU, ISRCTN, CTRI, etc.)."
pub-eu-ctis,EU Clinical Trials Information System (CTIS) public portal,public,trials,,HTML,"Public under CTR, with exemptions (e.g., personal data)",check-terms,false,official-site,https://www.ema.europa.eu/en/human-regulatory-overview/research-development/clinical-trials-human-medicines/clinical-trials-information-system,https://euclinicaltrials.eu/,,,EU/EEA trials under the Clinical Trials Regulation (from 31 Jan 2023); older trials in the EU Clinical Trials Register.
pub-isrctn,ISRCTN registry,public,trials,,XML,UNVERIFIED (API docs page returned 404),check-terms,false,official-site,https://www.isrctn.com/,https://www.isrctn.com/,,,UK-centric registry of trials and other studies.
pub-openfda,"openFDA (labels, FAERS, recalls, Drugs@FDA, NDC, shortages)",public,regulatory,,JSON,CC0 1.0 unless noted (GMDN device terms excluded; no AI training on GMDN content without license),check-terms,false,api-sample,https://api.fda.gov/drug/label.json?search=openfda.generic_name:semaglutide&limit=1,https://open.fda.gov/,,,"drug/label (SPL sections), drug/event (FAERS), drug/enforcement (recalls), drug/drugsfda (approval history), drug/ndc, drug/shortages."
pub-dailymed,DailyMed web services (NLM),public,regulatory,,JSON,NLM/FDA label content (license not stated in excerpt),open,false,api-sample,https://dailymed.nlm.nih.gov/dailymed/services/v2/spls.json?drug_name=semaglutide&pagesize=5,https://dailymed.nlm.nih.gov/,,,"Current and archived SPL labels (Rx, OTC), set IDs, version history, PDFs/ZIPs; full bulk label downloads (daily/weekly/monthly)."
pub-drugsatfda-files,Drugs@FDA data files,public,regulatory,,ZIP,US government data,open,false,bulk-file,https://www.fda.gov/media/89850/download,https://www.fda.gov/drugs/drug-approvals-and-databases/drugsfda-data-files,,,"12 tables: applications, products, submissions, marketing status, approval documents."
pub-orange-book,FDA Orange Book data files,public,regulatory,,ASCII (ZIP),US government data,open,false,official-site,https://www.fda.gov/drugs/drug-approvals-and-databases/orange-book-data-files,https://www.fda.gov/drugs/drug-approvals-and-databases/orange-book-data-files,,,"Approved small-molecule products, therapeutic equivalence, patents and exclusivity (3 ASCII files)."
pub-purple-book,FDA Purple Book (licensed biologics),public,regulatory,,"CSV, XLSX",US government data,open,false,official-site,https://purplebooksearch.fda.gov/downloads,https://purplebooksearch.fda.gov/,,,"Licensed biological products, biosimilarity/interchangeability, exclusivity; patent list."
pub-fda-novel-approvals,FDA Novel Drug Approvals 2026 (CDER),public,regulatory,,HTML,US government,open,false,official-site,https://www.fda.gov/drugs/novel-drug-approvals-fda/novel-drug-approvals-2026,https://www.fda.gov/drugs/novel-drug-approvals-fda/novel-drug-approvals-2026,,,List of 2026 novel approvals with indications.
pub-fda-drug-trials-snapshots,FDA Drug Trials Snapshots,public,regulatory,,"HTML, PDF",US government,open,false,official-site,https://www.fda.gov/drugs/drug-approvals-and-databases/drug-trials-snapshots,https://www.fda.gov/drugs/drug-approvals-and-databases/drug-trials-snapshots,,,Per-approval demographics of pivotal-trial participants; annual summary reports (2025 PDF).
pub-fda-guidance,FDA guidance documents search,public,regulatory,,"HTML, PDF",US government,open,false,official-site,https://www.fda.gov/regulatory-information/search-fda-guidance-documents,https://www.fda.gov/regulatory-information/search-fda-guidance-documents,,,All FDA guidance with topic filters incl. RWD/RWE.
pub-ema-json,"EMA website data in JSON (medicines, EPAR documents, PSUSAs, DHPCs, orphans, PIPs, shortages, guidelines)",public,regulatory,,"JSON, XLSX",EMA website terms (not reviewed),check-terms,false,official-site,https://www.ema.europa.eu/en/about-us/about-website/download-website-data-json-data-format,https://www.ema.europa.eu/en/medicines/download-medicine-data,,,"Centrally authorised medicines (2,746 records on test), EPAR documents, post-authorisation procedures, referrals, PSUSAs, DHPCs, orphan designations, PIPs, shortages, scientific guidelines; updated overnight."
pub-medlineplus-connect,MedlinePlus Connect,public,regulatory,,"JSON, XML",MedlinePlus terms (not reviewed),check-terms,false,official-site,https://medlineplus.gov/connect/technical.html,https://medlineplus.gov/connect/overview.html,,,"Patient-friendly health topic and drug information keyed by ICD-10-CM, RxCUI, NDC, LOINC."
pub-vigiaccess,WHO VigiAccess (VigiBase public view),public,safety,,HTML,UMC disclaimer; no individual case reports,link-only,true,link-only,https://www.vigiaccess.org/,https://www.vigiaccess.org/,,,"Counts of reported suspected ADRs by active ingredient, grouped by continent, age, sex."
pub-nice,NICE guidance & technology appraisals (syndication API),public,payer-hta,,"HTML, JSON (API)","UK use free (NICE UK Open Content Licence); international test licence £550, worldwide service licence £60,000/yr",link-only,true,link-only,https://www.nice.org.uk/about/what-we-do/nice-syndication-api,https://www.nice.org.uk/guidance,,,UK clinical guidelines and technology appraisals.
pub-uspstf,USPSTF Prevention TaskForce API,public,payer-hta,,JSON,AHRQ copyright notice,link-only,true,link-only,https://www.uspreventiveservicestaskforce.org/apps/api.jsp,https://www.uspreventiveservicestaskforce.org/,,,US preventive services recommendations.
pub-cms-mcd,CMS Medicare Coverage Database (Coverage API + downloads),public,payer-hta,,"JSON, CSV/MDB ZIP",Some endpoints need a 1-hour token after accepting AMA CPT / ADA / AHA license agreements,check-terms,false,official-site,https://api.coverage.cms.gov/,https://www.cms.gov/medicare-coverage-database/,,,"National Coverage Determinations, Local Coverage Determinations, articles; full ZIP downloads."
pub-icer,ICER assessments,public,payer-hta,,"HTML, PDF",UNVERIFIED (report download terms not checked),link-only,true,link-only,https://icer.org/explore-our-research/assessments/,https://icer.org/explore-our-research/assessments/,,,US cost-effectiveness and value assessments by condition.
pub-gin-library,Guidelines International Network library,public,payer-hta,,HTML,© GIN,link-only,true,link-only,https://g-i-n.net/international-guidelines-library,https://g-i-n.net/international-guidelines-library,,,"Library of guidelines and links to national guideline repositories (AWMF, BIGG, USPSTF, etc.)."
pub-cms-partd-spending,Medicare Part D Spending by Drug (annual + quarterly),public,payer-hta,,"JSON, CSV",Public CMS data,open,false,official-site,https://data.cms.gov/api-docs,https://data.cms.gov/summary-statistics-on-use-and-payments/medicare-medicaid-spending-by-drug/medicare-part-d-spending-by-drug,,,"Spending, claims, beneficiaries, unit cost by brand/generic and manufacturer."
pub-nppes,NPPES NPI Registry API,public,hcp,,"JSON, CSV",Public CMS data,open,false,official-site,https://npiregistry.cms.hhs.gov/api-page,https://npiregistry.cms.hhs.gov/,,,"Every US provider NPI: name, taxonomy/specialty, practice addresses, identifiers."
pub-open-payments,CMS Open Payments,public,hcp,,"JSON, CSV, XML",Public CMS data,open,false,official-site,https://openpaymentsdata.cms.gov/about/api,https://openpaymentsdata.cms.gov/,,,"Industry payments to physicians, NPPs, teaching hospitals (general, research, ownership); 2019–2025 shown; PY2025 published, next update Jan 2027."
pub-cms-partd-prescribers,Medicare Part D Prescribers by Provider and Drug,public,hcp,,"JSON, CSV",Public Use File (free),open,false,official-site,https://data.cms.gov/api-docs,https://data.cms.gov/provider-summary-by-type-of-service/medicare-part-d-prescribers/medicare-part-d-prescribers-by-provider-and-drug,,,"Claims, 30-day fills, days supply, drug cost by prescriber NPI, brand and generic; annual, latest 2024."
pub-who-gho,WHO Global Health Observatory OData API,public,epi,,JSON (OData),WHO datasets terms: royalty-free use with attribution; no sale of data,check-terms,false,official-site,https://www.who.int/data/gho/info/gho-odata-api,https://www.who.int/data/gho,,,"Thousands of country-level indicators (e.g., obesity prevalence NCD_BMI_30A)."
pub-cdc-data,"CDC Open Data portal (data.cdc.gov, Socrata SODA API)",public,epi,,"JSON, CSV",Per dataset,check-terms,false,official-site,https://dev.socrata.com/docs/app-tokens.html,https://data.cdc.gov/,,,"Hundreds of CDC datasets (surveillance, chronic disease, vaccination)."
pub-cdc-wonder,CDC WONDER,public,epi,,XML,CDC data use restrictions; cite 'powered by CDC WONDER',check-terms,false,official-site,https://wonder.cdc.gov/wonder/help/wonder-api.html,https://wonder.cdc.gov/,,,"Mortality, natality, cancer statistics, VAERS and more as aggregated queries."
pub-nhanes,NHANES,public,epi,,XPT/SAS transport,NHANES Data User Agreement,check-terms,false,official-site,https://wwwn.cdc.gov/nchs/nhanes/continuousnhanes/default.aspx,https://wwwn.cdc.gov/nchs/nhanes/default.aspx,,,"US survey: demographics, exam, lab, questionnaire, dietary data."
pub-seer,"SEER (NCI) — Explorer, research data, SEER API",public,epi,,"HTML, SEER*Stat",SEER data use agreement,link-only,true,link-only,https://seer.cancer.gov/data/access.html,https://seer.cancer.gov/,,,"US cancer incidence, survival, prevalence."
pub-ihme-gbd,IHME Global Burden of Disease (GBD Results),public,epi,,CSV,Free-of-charge NON-COMMERCIAL user agreement; no redistribution of data sets (links allowed),link-only,true,link-only,https://www.healthdata.org/research-analysis/gbd-data,https://vizhub.healthdata.org/gbd-results/,,,"GBD 2023 estimates 1990–2023: incidence, prevalence, DALYs, deaths by cause/country."
pub-ahrq-meps,AHRQ Medical Expenditure Panel Survey (MEPS),public,epi,,Data files,Not reviewed,check-terms,false,official-site,https://meps.ahrq.gov/mepsweb/data_stats/download_data_files.jsp,https://meps.ahrq.gov/mepsweb/,,,US healthcare use and spending survey files.
pub-hma-ema-catalogues,HMA-EMA Catalogues of RWD sources and studies (ex-EU PAS Register),public,epi,,"HTML, export",Not reviewed,check-terms,false,official-site,https://catalogues.ema.europa.eu/,https://catalogues.ema.europa.eu/,,,Registered RWD sources and non-interventional/PAS studies in Europe; exportable.
pub-rxnav,"RxNav APIs (RxNorm, RxClass, RxTerms)",public,vocab,,JSON,No license needed for RxNorm API (one exception); SNOMED-derived RxClass content under SNOMED Affiliate license,check-terms,false,api-sample,https://rxnav.nlm.nih.gov/REST/drugs.json?name=semaglutide,https://lhncbc.nlm.nih.gov/RxNav/,,,"Normalized drug names/RxCUIs, brand↔generic, NDC links; RxClass drug classes (ATC, EPC, MoA)."
pub-mesh,MeSH RDF / Lookup API,public,vocab,,JSON,NLM terms: no charges/usage fees for MeSH,open,false,api-sample,https://id.nlm.nih.gov/mesh/lookup/descriptor?label=obesity&match=exact,https://id.nlm.nih.gov/mesh/,,,"Medical Subject Headings: descriptors, qualifiers, trees, pharmacological actions; SPARQL; full RDF download."
pub-clinicaltables-icd10cm,NLM Clinical Table Search Service (ICD-10-CM and more),public,vocab,,JSON,Free of charge,open,false,api-sample,"https://clinicaltables.nlm.nih.gov/api/icd10cm/v3/search?sf=code,name&terms=obesity",https://clinicaltables.nlm.nih.gov/,,,Autocomplete/search APIs for ICD-10-CM codes (also other tables).
pub-who-icd-api,WHO ICD-11 API,public,vocab,,JSON,CC BY-ND 3.0 IGO,link-only,true,link-only,https://icd.who.int/icdapi,https://icd.who.int/,,,ICD-11 (and ICD-10) classification via REST; Embedded Classification Tool; local container.
pub-umls,"UMLS Metathesaurus (incl. SNOMED CT US, MedDRA via license)",public,vocab,,"RRF files, REST API",UMLS license; some sources need extra vendor agreements,link-only,true,link-only,https://www.nlm.nih.gov/research/umls/index.html,https://www.nlm.nih.gov/research/umls/index.html,,,Crosswalk of 200+ vocabularies; SNOMED CT US Edition distributed to UMLS licensees.
pub-open-targets,Open Targets Platform (GraphQL + official MCP),public,discovery,,"GraphQL JSON, Parquet",Data CC0 1.0; code Apache-2.0; underlying sources vary,open,false,official-site,https://platform-docs.opentargets.org/data-access/model-context-protocol,https://platform.opentargets.org/,,,"Target–disease evidence, drugs (ChEMBL), genetics, literature."
pub-pubchem,PubChem PUG-REST,public,discovery,,JSON,Not verified,check-terms,false,official-site,https://pubchem.ncbi.nlm.nih.gov/docs/pug-rest,https://pubchem.ncbi.nlm.nih.gov/,,,"Compound identity, properties, synonyms."
pub-chembl,ChEMBL web services,public,discovery,,"JSON, XML",CC BY-SA 3.0 (share-alike),check-terms,false,official-site,https://chembl.gitbook.io/chembl-interface-documentation/web-services,https://www.ebi.ac.uk/chembl/,,,"Bioactive molecules, mechanisms, max phase, ATC."
pub-fda-pfdd,FDA Patient-Focused Drug Development meeting reports (FDA-led and externally-led),public,patient,,"HTML, PDF",US government (externally-led reports authored by patient groups),open,false,official-site,https://www.fda.gov/industry/prescription-drug-user-fee-amendments/externally-led-patient-focused-drug-development-meetings,https://www.fda.gov/industry/prescription-drug-user-fee-amendments/fda-led-patient-focused-drug-development-pfdd-public-meetings,,,"'Voice of the Patient' reports on symptoms, impacts and treatment preferences by condition."
pub-reddit-data-api,Reddit Data API (patient communities),public,patient,,JSON,Data API Terms: commercial use needs a separate agreement; no ML/AI training on user content without rightsholder permission,link-only,true,link-only,https://redditinc.com/policies/data-api-terms,https://www.reddit.com/dev/api/,,,Public posts/comments from patient communities.
pub-community-mcp-bundles,"Community MCP servers bundling public APIs (pharma-mcp, @drvibeai/clinical-apis-mcp, PubCrawl, helix-mcp)",public,agent-tools,,MCP,Varies (clinical-apis-mcp Apache-2.0),check-terms,false,official-site,https://www.npmjs.com/package/@drvibeai/clinical-apis-mcp,https://github.com/pubspro/pharma-mcp,,,"Wrap ClinicalTrials.gov, PubMed, openFDA/FAERS, and (clinical-apis-mcp) Europe PMC, RxNorm, ICD-10, MedlinePlus, NPI, OpenAlex, PubChem, DailyMed, ChEMBL, Open Targets."
pub-snapshot-cardiometabolic-obesity,Real paper examples: obesity (cardiometabolic-obesity.json),public-snapshot,evidence-snapshots,,JSON,"Crossref metadata (facts, free to reuse); papers keep their own licences",open,false,download,https://raw.githubusercontent.com/Open-Medical-Affairs/Data-Sources/main/public/evidence-snapshots/cardiometabolic-obesity.json,https://github.com/Open-Medical-Affairs/Data-Sources/blob/main/public/evidence-snapshots/cardiometabolic-obesity.json,57390,,REAL public paper metadata (titles and DOIs) for practising evidence searches. Never evidence for the fictional products.
pub-snapshot-immunology-ad,Real paper examples: atopic dermatitis (immunology-ad.json),public-snapshot,evidence-snapshots,,JSON,"Crossref metadata (facts, free to reuse); papers keep their own licences",open,false,download,https://raw.githubusercontent.com/Open-Medical-Affairs/Data-Sources/main/public/evidence-snapshots/immunology-ad.json,https://github.com/Open-Medical-Affairs/Data-Sources/blob/main/public/evidence-snapshots/immunology-ad.json,41090,,REAL public paper metadata (titles and DOIs) for practising evidence searches. Never evidence for the fictional products.
pub-snapshot-oncology-mm,Real paper examples: multiple myeloma (oncology-mm.json),public-snapshot,evidence-snapshots,,JSON,"Crossref metadata (facts, free to reuse); papers keep their own licences",open,false,download,https://raw.githubusercontent.com/Open-Medical-Affairs/Data-Sources/main/public/evidence-snapshots/oncology-mm.json,https://github.com/Open-Medical-Affairs/Data-Sources/blob/main/public/evidence-snapshots/oncology-mm.json,135699,,REAL public paper metadata (titles and DOIs) for practising evidence searches. Never evidence for the fictional products.
